{
  "test/integration/opaTests.qunit.html": 1721226837585,
  "test/integration/opaTests.qunit.js": 1721226837585,
  "test/integration/pages/RisksList.js": 1721226837589,
  "test/integration/pages/RisksObjectPage.js": 1721226837593,
  "test/integration/FirstJourney.js": 1721226837593,
  "test/testsuite.qunit.js": 1721226837545,
  "xs-app.json": 1721246998940,
  "manifest.json": 1721246998956,
  "Component.js": 1721226837525,
  "Component-dbg.js": 1721226837525,
  "Component.js.map": 1721247015603,
  "test/integration/pages/RisksList-dbg.js": 1721226837589,
  "test/integration/pages/RisksList.js.map": 1721247015603,
  "test/integration/pages/RisksObjectPage-dbg.js": 1721226837593,
  "test/integration/pages/RisksObjectPage.js.map": 1721247015554,
  "test/integration/FirstJourney-dbg.js": 1721226837593,
  "test/integration/FirstJourney.js.map": 1721247015612,
  "test/testsuite.qunit-dbg.js": 1721226837545,
  "test/testsuite.qunit.js.map": 1721247015600,
  "test/integration/opaTests.qunit-dbg.js": 1721226837585,
  "test/integration/opaTests.qunit.js.map": 1721247015603,
  "Component-preload.js": 1721247015680,
  "Component-preload.js.map": 1721247015680,
  "i18n/i18n.properties": 1721226875244,
  "test/testsuite.qunit.html": 1721226837545,
  "test/flpSandbox.html": 1721226837545,
  "index.html": 1721226837525
}